{"cameraMode":{"drawMode":0,"name":"Shaded","section":"Shading Mode"},"sceneLighting":false,"audioPlay":false,"sceneViewState":{"m_AlwaysRefresh":false,"showFog":true,"showSkybox":false,"showFlares":true,"showImageEffects":true,"showParticleSystems":true,"showVisualEffectGraphs":true,"m_FxEnabled":true},"in2DMode":false,"pivot":{"x":-1.1260795593261719,"y":-2.7416985034942629,"z":1.782999038696289},"rotation":{"x":0.22568510472774507,"y":0.38931602239608767,"z":-0.0989983007311821,"w":0.8875188827514648},"size":10.566414833068848,"orthographic":false}